{"cameraMode":{"drawMode":0,"name":"Shaded","section":"Shading Mode"},"sceneLighting":false,"audioPlay":false,"sceneViewState":{"showFog":true,"showMaterialUpdate":false,"showSkybox":true,"showFlares":true,"showImageEffects":true,"showParticleSystems":true},"in2DMode":false,"pivot":{"x":-10.380000114440918,"y":-0.019999995827674867,"z":1.251999855041504},"rotation":{"x":0.03445529192686081,"y":0.8653345108032227,"z":-0.49638831615448,"w":0.0600646510720253},"size":5.844913959503174,"orthographic":false}