{"cameraMode":{"drawMode":0,"name":"Shaded","section":"Shading Mode"},"sceneLighting":true,"audioPlay":false,"sceneViewState":{"showFog":true,"showMaterialUpdate":false,"showSkybox":true,"showFlares":true,"showImageEffects":true,"showParticleSystems":true},"in2DMode":false,"pivot":{"x":-5.555987358093262,"y":0.19994211196899415,"z":-13.189786911010743},"rotation":{"x":0.03445529192686081,"y":0.8653345108032227,"z":-0.49638831615448,"w":0.0600646510720253},"size":54.68825149536133,"orthographic":false}