{"cameraMode":{"drawMode":0,"name":"Shaded","section":"Shading Mode"},"sceneLighting":true,"audioPlay":false,"sceneViewState":{"showFog":true,"showMaterialUpdate":false,"showSkybox":true,"showFlares":true,"showImageEffects":true,"showParticleSystems":true},"in2DMode":false,"pivot":{"x":204.49554443359376,"y":-10.812723159790039,"z":-58.71345520019531},"rotation":{"x":0.03445529192686081,"y":0.8653345108032227,"z":-0.49638831615448,"w":0.0600646510720253},"size":1672.5870361328125,"orthographic":false}